Company Name,Category,Category_Group,Subcategory,Health Trust,Sponsorship_Type,Renewal,Website,Address,City,Zip,Main Phone,Status,Missing_Address,Missing_City_Zip,Missing_Phone,Data_Quality_Notes
Auroma Technologies Company,MANUFACTURERS,MANUFACTURERS,,Yes,,JUNE,https://www.accesslaser.com,"2211 W Casino Road, Suite A",Everett,98204,425.582.8674,Active,FALSE,FALSE,FALSE,
"Advanced Powder Coating NW, Inc",MANUFACTURERS,MANUFACTURERS,,Yes,,OCTOBER,https://apcnw.net,3910 Spur Ridge Lane,Bellingham,98226,360.398.1460,Active,FALSE,FALSE,FALSE,Trimmed trailing punctuation/spaces from name
"AeroGo, Inc",MANUFACTURERS,MANUFACTURERS,,Yes,,OCTOBER,https://www.aerogo.com,1170 Andover Park W,Tukwila,98188,206.658.3121,Active,FALSE,FALSE,FALSE,Trimmed trailing punctuation/spaces from name
AirMark Corporation,MANUFACTURERS,MANUFACTURERS,,Yes,,OCTOBER,https://www.airmark.com,10001 Lake City Way NE,Seattle,98125,800.527.7778,Active,FALSE,FALSE,FALSE,
Alliance Manufacturing Group Techni-Grip (dba),MANUFACTURERS,MANUFACTURERS,,Yes,,DECEMBER,https://www.technigrip.com,1118 East D Street,Tacoma,98421,253.224.5909,Active,FALSE,FALSE,FALSE,
E-bed Systems (dba),MANUFACTURERS,MANUFACTURERS,,No,,,https://www.ebedsystem.com,,,,,Active,TRUE,TRUE,TRUE,
Technical Tooling (dba),MANUFACTURERS,MANUFACTURERS,,No,,,https://www.technicaltooling.com,,,,,Active,TRUE,TRUE,TRUE,
Alliance Packaging,MANUFACTURERS,MANUFACTURERS,,No,,FEBRUARY,https://www.alliancepackaging.net,100 SW 43rd,Renton,98057,425.291.3500,Active,FALSE,FALSE,FALSE,
AM Manufacturing,MANUFACTURERS,MANUFACTURERS,,Yes,,DECEMBER,https://www.ammfg.com,2283 Cole Street,Enumclaw,98022,360.367.7097,Active,FALSE,FALSE,FALSE,
American Structures & Design,MANUFACTURERS,MANUFACTURERS,,No,,,https://www.americanstructures.com,1801 132nd Ave. E. Suite 100,Sumner,98390,253.833.4343 x102,Active,FALSE,FALSE,FALSE,
American Rifle Company,MANUFACTURERS,MANUFACTURERS,,Yes,,DECEMBER,https://www.americanrifle.com,"11527 Cyrus Way, Ste. 3",Mukilteo,98275,206.226.4387,Active,FALSE,FALSE,FALSE,
American West Industries,MANUFACTURERS,MANUFACTURERS,,Yes,,AUGUST,https://awestindustries.com,3528 E Desmet Ave.,Spokane,99202,509.535.5040,Active,FALSE,FALSE,FALSE,
Exploration Team,MANUFACTURERS,MANUFACTURERS,,Yes,,JULY,https://analogcoffee.com,235 Summit Ave. East,Seattle,98102,206.661.4794,Active,FALSE,FALSE,FALSE,
Anchorhead Coffee Espresso,MANUFACTURERS,MANUFACTURERS,,Yes,,JANUARY,https://anchorheadcoffee.com,"1600 7th Ave., Ste. 105",Seattle,98101,206.963.6237,Opted Out,FALSE,FALSE,FALSE,
Aptly Technology Corp,MANUFACTURERS,MANUFACTURERS,,Yes,,FEBRUARY,https://www.aptlytech.com,"12951 Bel-Red Road, Suite 160-170",Bellevue,98005,425.628.5638,Opted Out,FALSE,FALSE,FALSE,Trimmed trailing punctuation/spaces from name
AFAB Enterprises,MANUFACTURERS,MANUFACTURERS,,Yes,,DECEMBER,https://www.aquarianaudio.com,5677 Patricia Lane,Anacortes,98221,360.299.0372,Opted Out,FALSE,FALSE,FALSE,
Atomic Screen Printing,MANUFACTURERS,MANUFACTURERS,,No,,MAY,http://atomicshirtfactory.nett,329 West Columbia Dr,Kennewick,99336,509.585.2866,Active,FALSE,FALSE,FALSE,
A&W Bottling / Unique Beverage,MANUFACTURERS,MANUFACTURERS,,Yes,,OCTOBER,,7620 Hardeson Road,Everett,98203,425.355.0100,Active,FALSE,FALSE,FALSE,
Erin Bakers,MANUFACTURERS,MANUFACTURERS,,Yes,,JULY,https://erinbakers.com,427 Ohio Street,Bellingham,98225,360.714.9585,Active,FALSE,FALSE,FALSE,
BAJI LLC,MANUFACTURERS,MANUFACTURERS,,Yes,,DECEMBER,https://www.beliefagency.com,4611 11th Ave. NW,Seattle,98107,206.659.6297,Active,FALSE,FALSE,FALSE,
Toast Group,MANUFACTURERS,MANUFACTURERS,,Yes,,NOVEMBER,https://blindtigerdesign.com,417 NW 65th St.,Seattle,98117,206.258.4431,Active,FALSE,FALSE,FALSE,
"BMT USA, LLC",MANUFACTURERS,MANUFACTURERS,,Yes,,APRIL,https://bmtusa.com,14532 169th Dr. SE,Monroe,98272,360.863.2252,Active,FALSE,FALSE,FALSE,
Boulder Canyon Ranch,MANUFACTURERS,MANUFACTURERS,,Yes,,NOVEMBER,https://www.bouldercanyonorganics.com,313 W Lincoln Road,Mesa,99343,509.989.3189,Active,FALSE,FALSE,FALSE,
Buyken Metal Products,MANUFACTURERS,MANUFACTURERS,,No,,JANUARY,https://buyken.com,1216 4th Ave. N.,Kent,98032,253.852.0634,Active,FALSE,FALSE,FALSE,
The BoxMaker a Supply One Company,MANUFACTURERS,MANUFACTURERS,,No,,OCTOBER,https://www.boxmaker.com,6230 S 190th Street,Kent,98032,,Active,FALSE,FALSE,TRUE,
Caffe Umbria Inc,MANUFACTURERS,MANUFACTURERS,,Yes,,DECEMBER,https://caffeumbria.com,8620 16th Ave. S.,Seattle,98108,206.762.5300,Active,FALSE,FALSE,FALSE,Trimmed trailing punctuation/spaces from name
"Cannon Machine Products, Inc",MANUFACTURERS,MANUFACTURERS,,Yes,,NOVEMBER,https://cannonmch.com,1204 S. Clodfelter Rd.,Kennewick,99338,509.627.0505,Opted Out,FALSE,FALSE,FALSE,Trimmed trailing punctuation/spaces from name
"Catalynt Solutions, Inc",MANUFACTURERS,MANUFACTURERS,,Yes,,JANUARY,https://teamcatalynt.com,22817 102nd Place,Edmonds,98020,206.505.3500,Active,FALSE,FALSE,FALSE,Trimmed trailing punctuation/spaces from name
Chuckanut Bay Distillery,MANUFACTURERS,MANUFACTURERS,,Yes,,MARCH,,1311 Cornwall Ave,,,360.738.7179,Active,FALSE,TRUE,FALSE,
Cirrus Cycles Inc,MANUFACTURERS,MANUFACTURERS,,Yes,,OCTOBER,https://cirruscycles.com,"3926 Irongate Road, Suite D",Bellingham,98226,360.392.8302,Active,FALSE,FALSE,FALSE,Trimmed trailing punctuation/spaces from name
"Color Craft, LLC",MANUFACTURERS,MANUFACTURERS,,Yes,,JUNE,http://colorcraftinc.com,1130 Andover Park East,Tukwila,98188,206.832.0027,Active,FALSE,FALSE,FALSE,
Color Graphics Screenprinting,MANUFACTURERS,MANUFACTURERS,,Yes,,NOVEMBER,https://www.colorgraphicswa.com,2540 Crites St.,Tumwater,98512,360.352.3970,Active,FALSE,FALSE,FALSE,
Airware,MANUFACTURERS,MANUFACTURERS,,Yes,,APRIL,https://compressorsnw.com,"5800 188th Street SW, Suite B",Lynnwood,98037,425.771.8055,Active,FALSE,FALSE,FALSE,
Corvus Energy USA,MANUFACTURERS,MANUFACTURERS,,Yes,,NOVEMBER,https://corvusenergy.com,300 Harris Ave.,Bellingham,98225,360.937.0214,Active,FALSE,FALSE,FALSE,
"Crabtree Brands, LLC",MANUFACTURERS,MANUFACTURERS,,Yes,,JUNE,https://www.crabtreebrands.com,19225 8th Ave NE,Poulsbo,98370,360.598.2200,Active,FALSE,FALSE,FALSE,
Highwaymen Supply and Packaging LLC,MANUFACTURERS,MANUFACTURERS,,Yes,,JANUARY,https://customconesusa.com,"4101 Oakesdale Ave SW, Suite 200",Renton,98057,206.219.7516,Active,FALSE,FALSE,FALSE,
"Divers Street Rods, Inc",MANUFACTURERS,MANUFACTURERS,,Yes,,JUNE,https://www.diversstreetrods.com,PO Box 856,Sulton,98294,360.799.1327,Active,FALSE,FALSE,FALSE,Trimmed trailing punctuation/spaces from name
Dundon Motorsports,MANUFACTURERS,MANUFACTURERS,,Yes,,NOVEMBER,https://www.dundonmotorsports.com,"10421 Burnham Dr. NW, Suite 6E",Gig Harbor,98332,253.200.4454,Active,FALSE,FALSE,FALSE,
WaterDrop Systems,MANUFACTURERS,MANUFACTURERS,,No,,MAY,https://waterdropsystems.com,7925 Sweet Iron Court SE,Tumwater,98501,360.870.1204,Active,FALSE,FALSE,FALSE,
EDCO Inc,MANUFACTURERS,MANUFACTURERS,,Yes,,NOVEMBER,https://edcometalfabricators.com,14508 Ovenell Road,Mount Vernon,98273,360.488.4455,Active,FALSE,FALSE,FALSE,Trimmed trailing punctuation/spaces from name
Enclume Design Products,MANUFACTURERS,MANUFACTURERS,,Yes,,DECEMBER,https://enclume.com,24 Colwell Street,Port Hadlock,98339,360.385.6100,Active,FALSE,FALSE,FALSE,
Fab-Tech Inc,MANUFACTURERS,MANUFACTURERS,,Yes,,JULY,,9587 Green Road,Burlington,98233,360.755.0215,Active,FALSE,FALSE,FALSE,Trimmed trailing punctuation/spaces from name
Jolly Family Corporation,MANUFACTURERS,MANUFACTURERS,,Yes,,NOVEMBER,https://www.fastsigns.com,2902 Rucker Ave.,Everett,98201,425.438.9350,Active,FALSE,FALSE,FALSE,
Fidalgo Bay Coffee,MANUFACTURERS,MANUFACTURERS,,Yes,,OCTOBER,,856 N Hill Blvd.,Burlington,98233,360.757.8818,Active,FALSE,FALSE,FALSE,
FinalRev Design & Consulting,MANUFACTURERS,MANUFACTURERS,,Yes,,DECEMBER,https://finalreveng.com,"123 E Johnson Ave., Suite 2",Chelan,98816,425.212.8634,Active,FALSE,FALSE,FALSE,
Firestar Dental Company,MANUFACTURERS,MANUFACTURERS,,Yes,,JANUARY,,18915 E Valley Highway,Kent,98032,425.473.6928,Active,FALSE,FALSE,FALSE,
Dataworks Development,MANUFACTURERS,MANUFACTURERS,,Yes,,DECEMBER,https://dwdev.com,6608 216th St. SW #100,Mountlake Terrace,98043,425.673.1974,Active,FALSE,FALSE,FALSE,
McBrown,MANUFACTURERS,MANUFACTURERS,,Yes,,DECEMBER,https://www.gardico.com,4912 14th Avenue NW,Seattle,98107,206.283.5850,Active,FALSE,FALSE,FALSE,
Glant Textiles Corporation,MANUFACTURERS,MANUFACTURERS,,No,,NOVEMBER,https://glant.com,"3031 S. Walden St., Ste. 200",Seattle,98144,206.725.4444,Active,FALSE,FALSE,FALSE,
GlobalTech Plastics LLC,MANUFACTURERS,MANUFACTURERS,,Yes,,MARCH,https://moldedgroup.com,5555 8th Street E,Fife,98424,253.854.4100,Active,FALSE,FALSE,FALSE,
"Golden Harvest, Inc",MANUFACTURERS,MANUFACTURERS,,Yes,,SEPTEMBER,https://www.goldenharvestinc.com,11944 Westar Lane,Burlington,98233,360.757.4334,Active,FALSE,FALSE,FALSE,Trimmed trailing punctuation/spaces from name
"Harbor Island Machine Works, Inc",MANUFACTURERS,MANUFACTURERS,,Yes,,SEPTEMBER,https://harborislandmachine.com,3431 11th Ave. SW,Seattle,98134,206.682.7637,Active,FALSE,FALSE,FALSE,Trimmed trailing punctuation/spaces from name
Pacific Prepak,MANUFACTURERS,MANUFACTURERS,,Yes,,JANUARY,https://hendricksonfarms.com,3925 134th St. NE,Marysville,98271,360.653.1661,Active,FALSE,FALSE,FALSE,
"Heritage Distilling Company, Inc",MANUFACTURERS,MANUFACTURERS,,Yes,,OCTOBER,https://heritagedistilling.com,3207 57th Street Court East,Gig Harbor,98335,562.397.8504,Active,FALSE,FALSE,FALSE,Trimmed trailing punctuation/spaces from name
Hoffman Manufacturing,MANUFACTURERS,MANUFACTURERS,,Yes,,DECEMBER,,382477 Highway 95,"Tensed, ID",99128,208.686.2103,Active,FALSE,FALSE,FALSE,Cleared polluted Website field (contained address/description text instead of URL)
Sleepy Sheep Brands,MANUFACTURERS,MANUFACTURERS,,Yes,,SEPTEMBER,https://www.holylamborganics.com,104 W. Pine St.,Oakville,98568,206.276.8067,Active,FALSE,FALSE,FALSE,
"iClick, Inc",MANUFACTURERS,MANUFACTURERS,,Yes,,APRIL,https://www.iclick.com,3931 1st Ave. S.,Seattle,98134,800.456.9177,Active,FALSE,FALSE,FALSE,Trimmed trailing punctuation/spaces from name
ID Integration,MANUFACTURERS,MANUFACTURERS,,Yes,,MAY,https://id-integration.com,13024 Beverly Park Road #104,Mukilteo,98275,435.438.2533,Active,FALSE,FALSE,FALSE,
"Impressions Worldwide, Inc",MANUFACTURERS,MANUFACTURERS,,Yes,,NOVEMBER,https://www.impressionsworldwide.com,11369 Higgins Airport Way,Burlington,98233,360.503.1069,Active,FALSE,FALSE,FALSE,Trimmed trailing punctuation/spaces from name
Island Machine Inc,MANUFACTURERS,MANUFACTURERS,,No,,MAY,https://www.islandmachineinc.com,1303 E Casino Rd,Everett,98203,425.595.5023,Active,FALSE,FALSE,FALSE,
"Java Java Coffee Co., Inc",MANUFACTURERS,MANUFACTURERS,,Yes,,OCTOBER,https://javajavacoffee.com,"23130 224th Place SE., Ste. 101",Maple Valley,98038,425.432.2184,Active,FALSE,FALSE,FALSE,Trimmed trailing punctuation/spaces from name
"Jet City Laser, Inc",MANUFACTURERS,MANUFACTURERS,,Yes,,SEPTEMBER,https://www.uid2go.com,"1501 15th Street NW, Ste. 105",Auburn,98001,206.623.4949,Active,FALSE,FALSE,FALSE,Trimmed trailing punctuation/spaces from name
"Joe's Garage, LLC",MANUFACTURERS,MANUFACTURERS,,Yes,,AUGUST,https://joesgaragecoffee.com,20232 72nd Ave. S.,Kent,98032,206.466.5579,Active,FALSE,FALSE,FALSE,
Joseph Design,MANUFACTURERS,MANUFACTURERS,,Yes,,OCTOBER,,2401 Harbor Ave. SW,Seattle,98126,206.935.3974,Active,FALSE,FALSE,FALSE,
K9 Natural Foods USA,MANUFACTURERS,MANUFACTURERS,,Yes,,OCTOBER,https://www.naturalpetfoodgroup.com,14003 Brae Burn Road,Leavenworth,98826,206.355.7567,Active,FALSE,FALSE,FALSE,
Kooapps LLC,MANUFACTURERS,MANUFACTURERS,,Yes,,DECEMBER,,"15015 Main Street, Suite 200",Bellevue,98007,925.330.2076,Active,FALSE,FALSE,FALSE,
"Labels Plus, Inc",MANUFACTURERS,MANUFACTURERS,,Yes,,DECEMBER,https://labelsplus.com,2407 - 106th St. SW,Everett,98204,425.355.4833,Active,FALSE,FALSE,FALSE,Trimmed trailing punctuation/spaces from name
"Lamar Technologies, LLC",MANUFACTURERS,MANUFACTURERS,,No,,NOVEMBER,https://www.lamartech.com,14900 40th Avenue NE,Marysville,98271,360.651.8869,Active,FALSE,FALSE,FALSE,
Pacific Air Cargo Transfer Systems,MANUFACTURERS,MANUFACTURERS,,Yes,,DECEMBER,https://lcnw.com,3205 C Street NE,Auburn,98002,253.736.2248,Active,FALSE,FALSE,FALSE,
Lightel Technologies,MANUFACTURERS,MANUFACTURERS,,Yes,,DECEMBER,https://www.lightel.com,"2210 Lind Ave. SW, Ste. 100",Renton,98057,425.277.8000,Active,FALSE,FALSE,FALSE,
Lighthouse Uniform Co,MANUFACTURERS,MANUFACTURERS,,Yes,,DECEMBER,,1532 15th Ave. W,Seattle,98119,206.282.6380,Active,FALSE,FALSE,FALSE,Trimmed trailing punctuation/spaces from name
Lost Lake Games LTD,MANUFACTURERS,MANUFACTURERS,,Yes,,NOVEMBER,https://lostlakegames.com,"600 1st Ave. Ste. 102, #1122",Seattle,98104,206.817.2307,Active,FALSE,FALSE,FALSE,
Lotus United LLC,MANUFACTURERS,MANUFACTURERS,,Yes,,DECEMBER,https://www.lotusunited.com,7511 Greenwood Ave. N. #103,Seattle,98103,206.390.1204,Active,FALSE,FALSE,FALSE,
Lewis Publishing Co,MANUFACTURERS,MANUFACTURERS,,Yes,,DECEMBER,https://www.lyndentribune.com,113 6th St.,Lynden,98264,360.354.4444,Active,FALSE,FALSE,FALSE,Trimmed trailing punctuation/spaces from name
Master Press Incorporated,MANUFACTURERS,MANUFACTURERS,,Yes,,OCTOBER,https://masterpress.net,10717 Midvale Ave. N.,Seattle,98133,,Active,FALSE,FALSE,TRUE,
"Membrion, Inc",MANUFACTURERS,MANUFACTURERS,,Yes,,OCTOBER,https://membrion.com,"3257 17th Ave. W., Bldg. 3",Seattle,98119,206.276.2944,Active,FALSE,FALSE,FALSE,Trimmed trailing punctuation/spaces from name
Metal Solutions LLC,MANUFACTURERS,MANUFACTURERS,,Yes,,OCTOBER,https://metalsolutionsllc.com,6259 Airport Way S,Seattle,98108,206.682.5587,Active,FALSE,FALSE,FALSE,
"Meyer Sign Company, Inc",MANUFACTURERS,MANUFACTURERS,,Yes,,JANUARY,https://meyersign.com,2608 Hwy 99 South,Mount Vernon,98273,360.424.1325,Active,FALSE,FALSE,FALSE,Trimmed trailing punctuation/spaces from name
"Mid-Mountain Materials, Inc",MANUFACTURERS,MANUFACTURERS,,Yes,,JANUARY,https://mid-mountain.com,"2731 77th Avenue SE, Ste. 100",Mercer Island,98040,206.762.7600,Active,FALSE,FALSE,FALSE,Trimmed trailing punctuation/spaces from name
"Mike Lull's Guitar Works, Inc",MANUFACTURERS,MANUFACTURERS,,Yes,,JANUARY,https://www.mikelull.com,"12031 Northup Way, Suite 206",Bellevue,98005,425.643.8074,Active,FALSE,FALSE,FALSE,Trimmed trailing punctuation/spaces from name
"Mobile Merchandisers, Inc",MANUFACTURERS,MANUFACTURERS,,Yes,,NOVEMBER,https://www.mobmerch.com,2611 Henson Road,Mount Vernon,98273,360.603.4884,Active,FALSE,FALSE,FALSE,Trimmed trailing punctuation/spaces from name
MoltenWorks LLC,MANUFACTURERS,MANUFACTURERS,,Yes,,NOVEMBER,https://moltenworks.com,"12602 NE 178th St., Ste. A",Woodinville,98072,425.999.2596,Active,FALSE,FALSE,FALSE,
New Tech Industries,MANUFACTURERS,MANUFACTURERS,,Yes,,APRIL,https://www.newtechind.com,7911 44th Ave. W.,Mukilteo,98275,425.778.1200,Active,FALSE,FALSE,FALSE,
Nichols Bros Stoneworks,MANUFACTURERS,MANUFACTURERS,,Yes,,DECEMBER,https://nicholsbros.com,20209 BroadwayAvenue,Snohomish,98296,425.387.0173,Active,FALSE,FALSE,FALSE,
"NorPlex, Inc",MANUFACTURERS,MANUFACTURERS,,Yes,,MAY,https://norplexinc.com,PO Box 814,Auburn,98071,253.735.3431,Active,FALSE,FALSE,FALSE,Trimmed trailing punctuation/spaces from name
"Northwest LED Lighting, Inc",MANUFACTURERS,MANUFACTURERS,,Yes,,DECEMBER,https://northwestled.com,"1404 Riverside Dr., Suite F",Mount Vernon,98372,360.422.5387,Active,FALSE,FALSE,FALSE,Trimmed trailing punctuation/spaces from name
Expressions Signs Inc,MANUFACTURERS,MANUFACTURERS,,Yes,,FEBRUARY,https://www.nwsigns.com,17201 Beaton Road SE,Monroe,98272,425.844.6415,Active,FALSE,FALSE,FALSE,Stripped embedded note from name: 'Expressions Signs Inc. ** Renews March' -> 'Expressions Signs Inc.'; Trimmed trailing punctuation/spaces from name
Signature Bakery,MANUFACTURERS,MANUFACTURERS,,Yes,,OCTOBER,https://olsonbakingco.com,"6414 204th St SW, ST 100",Lynwood,98036,206.295.8534,Active,FALSE,FALSE,FALSE,
Sea Level Coffee,MANUFACTURERS,MANUFACTURERS,,Yes,,JANUARY,https://olympiacoffee.com,108 Cherry Street NE,Olympia,98501,808.636.5777,Active,FALSE,FALSE,FALSE,
Out of the Box Manufacturing,MANUFACTURERS,MANUFACTURERS,,Yes,,JANUARY,https://www.obmfg.com,1600 SW 43rd Street #200,Renton,98057,253.880.2921,Active,FALSE,FALSE,FALSE,
"Pacific Belting & Supply, Inc",MANUFACTURERS,MANUFACTURERS,,Yes,,NOVEMBER,,2629 Henson Road,Mount Vernon,98273,360.580.7539,Active,FALSE,FALSE,FALSE,Trimmed trailing punctuation/spaces from name
Pacific Metalurgical Inc,MANUFACTURERS,MANUFACTURERS,,No,,AUGUST,https://pacmet.com,925 5th Avenue South,Kent,98032,800.428.9436,Active,FALSE,FALSE,FALSE,Trimmed trailing punctuation/spaces from name
Winmarketing,MANUFACTURERS,MANUFACTURERS,,Yes,,NOVEMBER,https://www.pacificsportswear.com,10731 A Street S,Tacoma,98445,253.582.4444,Active,FALSE,FALSE,FALSE,
"Pacific Western Agencies, Inc",MANUFACTURERS,MANUFACTURERS,,Yes,,AUGUST,https://pacwestern.com,7700 2nd Avenue South,Seattle,98018,206.763.1802,Active,FALSE,FALSE,FALSE,Trimmed trailing punctuation/spaces from name
"Perellion, Inc",MANUFACTURERS,MANUFACTURERS,,Yes,,DECEMBER,https://www.perellion.com,"3616 South Road, Ste. C1",Mukilteo,98275,425.249.6376,Active,FALSE,FALSE,FALSE,Trimmed trailing punctuation/spaces from name
"Pioneer Aerofab Company, Inc",MANUFACTURERS,MANUFACTURERS,,Yes,,FEBRUARY,https://www.pioneeraerofab.com,15259 Flightline Road,Burlington,98233,360.757.4780,Active,FALSE,FALSE,FALSE,Trimmed trailing punctuation/spaces from name
"PlayEveryWare, Inc",MANUFACTURERS,MANUFACTURERS,,Yes,,DECEMBER,https://www.playeveryware.com,"5601 6th Ave. S., Ste. 378",Seattle,98108,206.940.7563,Active,FALSE,FALSE,FALSE,Trimmed trailing punctuation/spaces from name
Daffodil Press,MANUFACTURERS,MANUFACTURERS,,Yes,,OCTOBER,https://www.pointrobertspress.com,225 Marine Drive Suite 200,Blaine,98230,360.332.1777,Active,FALSE,FALSE,FALSE,
Hill Print Inc,MANUFACTURERS,MANUFACTURERS,,Yes,,NOVEMBER,https://printcoinc.com,"32 G Street NW, Suite A",Auburn,98001,425.255.7700,Active,FALSE,FALSE,FALSE,Trimmed trailing punctuation/spaces from name
Printery Communications,MANUFACTURERS,MANUFACTURERS,,Yes,,DECEMBER,https://printery.com,631 Tyler Street,Port Townsend,98368,360.385.1256,Active,FALSE,FALSE,FALSE,
Origin Books,MANUFACTURERS,MANUFACTURERS,,Yes,,OCTOBER,https://pugetbindery.com,7820 S. 228th Street,Kent,98032,253.872.5707,Active,FALSE,FALSE,FALSE,
Puyallup Tribal Enterprises,MANUFACTURERS,MANUFACTURERS,,No,,JUNE,https://www.puyalluptribalenterprises.com,3009 E Portland Ave.,Tacoma,98404,206.910.1337,Active,FALSE,FALSE,FALSE,
QR Industries Inc,MANUFACTURERS,MANUFACTURERS,,Yes,,NOVEMBER,https://qrind.net,19109 63rd Ave. NE #3,Arlington,98223,360.435.2840,Active,FALSE,FALSE,FALSE,Trimmed trailing punctuation/spaces from name
"Quality Stamping & Machining, Inc",MANUFACTURERS,MANUFACTURERS,,Yes,,AUGUST,https://qualstamp.com,1907 137th Ave. E.,Tacoma,98390,253.863.5770,Active,FALSE,FALSE,FALSE,Trimmed trailing punctuation/spaces from name
Questech Unlimited,MANUFACTURERS,MANUFACTURERS,,Yes,,NOVEMBER,https://questech.us,19017 62nd Ave.S.,Kent,98032,907.782.5201,Active,FALSE,FALSE,FALSE,
"Recycled Cycles, Inc",MANUFACTURERS,MANUFACTURERS,,Yes,,NOVEMBER,https://www.recycledcycles.com,1007 NE Boat Street,Seattle,98105,206.547.1566,Active,FALSE,FALSE,FALSE,Trimmed trailing punctuation/spaces from name
Red Rock Outdoors CO,MANUFACTURERS,MANUFACTURERS,,Yes,,JANUARY,https://www.redwoodoutdoors.com,20730 72nd Ave. S.,Kent,98032,206.619.1863,Active,FALSE,FALSE,FALSE,
GCB Enterprises,MANUFACTURERS,MANUFACTURERS,,Yes,,NOVEMBER,https://remotecontroltech.com,14756 NE 95th St.,Redmond,98052,425.216.7555,Active,FALSE,FALSE,FALSE,
Rene Herse Cycles Ltd,MANUFACTURERS,MANUFACTURERS,,Yes,,MARCH,https://www.renehersecycles.com,2442 NW Market St. #426,Seattle,98107,206.326.9970,Active,FALSE,FALSE,FALSE,
"Rill Foods, LLC",MANUFACTURERS,MANUFACTURERS,,Yes,,FEBRUARY,,11442 N Thorp Hwy,Thorp,98496,509.964.2520,Active,FALSE,FALSE,FALSE,
Rothenbuhler Engineering,MANUFACTURERS,MANUFACTURERS,,Yes,,JANUARY,https://rothenbuhlereng.com,PO Box 708,Sedro Woolley,98284,360.856.0836,Active,FALSE,FALSE,FALSE,
Rottler Manufacturing,MANUFACTURERS,MANUFACTURERS,,No,,DECEMBER,https://rottlermfg.com,8019 South 200th Street,Kent,98032,253.872.7050,Active,FALSE,FALSE,FALSE,
San Gennaro Foods,MANUFACTURERS,MANUFACTURERS,,Yes,,MARCH,https://www.polenta.net,19255 80th Ave. S.,Kent,98032,253.872.1900,Active,FALSE,FALSE,FALSE,
"Seakamp Engineering, Inc",MANUFACTURERS,MANUFACTURERS,,Yes,,NOVEMBER,https://seakamp.com,3985 Hammer Drive,Bellingham,98226,360.734.2788,Active,FALSE,FALSE,FALSE,Trimmed trailing punctuation/spaces from name
Seattle Shirt Company LLC,MANUFACTURERS,MANUFACTURERS,,Yes,,DECEMBER,https://seattleshirt.com,,,,425.368.8691,Bounced,TRUE,TRUE,FALSE,Trimmed trailing punctuation/spaces from name
"Shareways Industries, Inc",MANUFACTURERS,MANUFACTURERS,,Yes,,JANUARY,,2526 E Street NE,Auburn,98002,253.804.0670,Active,FALSE,FALSE,FALSE,Trimmed trailing punctuation/spaces from name
MNS Marketing,MANUFACTURERS,MANUFACTURERS,,Yes,,JULY,https://www.sirspeedy.com/tacomawa050,"7450 South Tacoma Way, Ste. B1",Tacoma,98409,253.473.0765,Active,FALSE,FALSE,FALSE,
Skagit Valley's Best Produce,MANUFACTURERS,MANUFACTURERS,,Yes,,JANUARY,https://www.svbest.com,PO Box 2328,Mount Vernon,98273,360.848.0777,Active,FALSE,FALSE,FALSE,
Skills Inc,MANUFACTURERS,MANUFACTURERS,,No,,AUGUST,https://www.skillsinc.com,425 C Street NW,Auburn,98001,206.782.6000,Active,FALSE,FALSE,FALSE,Trimmed trailing punctuation/spaces from name
Signature Plastics,MANUFACTURERS,MANUFACTURERS,,Yes,,AUGUST,,7837 Custer School Road,Custer,98240,360.366.5044,Active,FALSE,FALSE,FALSE,
Spincycle Yarns LLC,MANUFACTURERS,MANUFACTURERS,,Yes,,NOVEMBER,https://spincycleyarns.com,2135 Queen Street B,Bellingham,98225,630.417.1057,Active,FALSE,FALSE,FALSE,
Squires Machine Inc,MANUFACTURERS,MANUFACTURERS,,Yes,,DECEMBER,,19510 21st Ave. W.,Lynnwood,98036,425.672.7101,Active,FALSE,FALSE,FALSE,Trimmed trailing punctuation/spaces from name; Removed incorrect website (was copy-pasted from Spincycle Yarns row above it)
Steeler Inc,MANUFACTURERS,MANUFACTURERS,,Yes,,JANUARY,https://www.steeler.com,10023 MLK Jr. Way South,Seattle,98059,206.725.2500,Active,FALSE,FALSE,FALSE,Trimmed trailing punctuation/spaces from name
Sterlitech Corporation,MANUFACTURERS,MANUFACTURERS,,Yes,,SEPTEMBER,https://www.sterlitech.com,4620 B St. NW,Auburn,98001,253.437.0844,Active,FALSE,FALSE,FALSE,
Stratus Automation Corporation,MANUFACTURERS,MANUFACTURERS,,Yes,,DECEMBER,https://stratusauto.com,,,,425.291.7240,Active,TRUE,TRUE,FALSE,
"Sugiyo USA, Inc",MANUFACTURERS,MANUFACTURERS,,Yes,,DECEMBER,https://www.sugiyo.com,3200 T Avenue,Anacortes,98221,360.293.0180,Active,FALSE,FALSE,FALSE,Trimmed trailing punctuation/spaces from name
Tahoma Print & MFG,MANUFACTURERS,MANUFACTURERS,,No,,MAY,https://tahomamfg.com,,,,,Active,TRUE,TRUE,TRUE,
The Foundry Clothing Company,MANUFACTURERS,MANUFACTURERS,,Yes,,OCTOBER,,411 S. Dawson St.,Seattle,98108,206.226.9706,Active,FALSE,FALSE,FALSE,
Pacific NW Gifts,MANUFACTURERS,MANUFACTURERS,,Yes,,OCTOBER,https://threadygoods.com,"309 S Cloverdale St., Ste. A15",Seattle,98108,206.420.3727,Active,FALSE,FALSE,FALSE,
Tiger Custom Computers,MANUFACTURERS,MANUFACTURERS,,Yes,,FEBRUARY,https://tigertailusa.com,8504 S. 228th,Kent,98032,206.395.7811 Ext. 212,Active,FALSE,FALSE,FALSE,
"TLG Aerospace, LLC",MANUFACTURERS,MANUFACTURERS,,Yes,,OCTOBER,https://www.tlgaerospace.com,"1700 Westlake Avenue North, Suite 430",Seattle,98109,206.859.5061 Ex. 129,Active,FALSE,FALSE,FALSE,
TNT Machining,MANUFACTURERS,MANUFACTURERS,,Yes,,NOVEMBER,https://www.tntaerospace.com,285 West Garfield Street,Sumas,98295,360.988.0274,Active,FALSE,FALSE,FALSE,
Torklift Central Welding of Kent,MANUFACTURERS,MANUFACTURERS,,Yes,,DECEMBER,https://www.torklift.com,315 N Central Ave.,Kent,98032,253.261.9000,Active,FALSE,FALSE,FALSE,
Tri-Tec Manufacturing,MANUFACTURERS,MANUFACTURERS,,Yes,,APRIL,https://www.tritecmfg.com,6915 S 234th Street,Kent,98032,425.251.8777,Active,FALSE,FALSE,FALSE,
Triton Aerospace,MANUFACTURERS,MANUFACTURERS,,Yes,,JANUARY,https://iflyairplanes.com,11768 Westar Lane,Burlington,98233,360.399.1630,Active,FALSE,FALSE,FALSE,
Bayview Composites,MANUFACTURERS,MANUFACTURERS,,No,,JUNE,https://bayviewcomposites.com,13593 Bayview Edison Rd.,Mt. Vernon,98273,360.466.4160,Active,FALSE,FALSE,FALSE,
Unitec,MANUFACTURERS,MANUFACTURERS,,No,,,https://www.uniteccorp.com,358 UplandDrive,Seattle,98188,206.575.1100,Active,FALSE,FALSE,FALSE,
Lilyemme Jewelry LLC,MANUFACTURERS,MANUFACTURERS,,Yes,,DECEMBER,https://www.valeriemadison.com,1422 34th Ave.,Seattle,98122,425.306.9396,Active,FALSE,FALSE,FALSE,
"Vallation Outerwear, Inc",MANUFACTURERS,MANUFACTURERS,,Yes,,OCTOBER,https://vallationouterwear.com,PO Box 1030,Poulsbo,98370,360.930.0542,Active,FALSE,FALSE,FALSE,Trimmed trailing punctuation/spaces from name
Vectroic Machines,MANUFACTURERS,MANUFACTURERS,,No,,MARCH,,9623 162nd Ave NE,Redmond,98052,206.399.8469,Active,FALSE,FALSE,FALSE,Fixed trailing dash in Zip: '98052-' -> '98052'
"Warmoth Guitar Products, Inc",MANUFACTURERS,MANUFACTURERS,,Yes,,DECEMBER,https://warmoth.com,10013 160th Street E,Puyallup,98375,253.845.0403,Active,FALSE,FALSE,FALSE,Trimmed trailing punctuation/spaces from name
"Western Integrated Technologies, Inc",MANUFACTURERS,MANUFACTURERS,,No,,DECEMBER,https://www.westernintech.com,7651 S 190th Street,Kent,98032,425.747.0927,Active,FALSE,FALSE,FALSE,Trimmed trailing punctuation/spaces from name
WOW Baking Company,MANUFACTURERS,MANUFACTURERS,,Yes,,DECEMBER,https://wowbaking.com,1607 45th Street East,Sumner,98390,425.251.0541,Active,FALSE,FALSE,FALSE,
YST SemiConductor,MANUFACTURERS,MANUFACTURERS,,Yes,,SEPTEMBER,https://www.yst-semiconductor.com,18110 SE 34th St.,Vancouver,98683,360.360.7214,Active,FALSE,FALSE,FALSE,
405 Labs LLC,JOINT ACCESS - CANNABIS,JOINT ACCESS,Cannabis,Yes,,SEPTEMBER,https://www.dot-shopping.org/articles/smart-buying-guide-lab-and-bird-supplies.html?psystem=PW&domain=405lab.com&oref=https%3A%2F%2F405lab.com%2F,3113 S. Pine St. Unit C,Tacoma,98409,425.269.4192,Active,FALSE,FALSE,FALSE,
Pacific Overseas Tree Company,JOINT ACCESS - CANNABIS,JOINT ACCESS,Cannabis,Yes,,JANUARY,,"145 S. Horton St., Suite 200",Seattle,98134,206.201.2699,Active,FALSE,FALSE,FALSE,
Botanical Investment Group Inc,JOINT ACCESS - CANNABIS,JOINT ACCESS,Cannabis,Yes,,DECEMBER,https://www.botanicaglobal.com,3995 Pleasant Beach Dr. NE,Bainbridge Island,98110,206.201.2699,Active,FALSE,FALSE,FALSE,Trimmed trailing punctuation/spaces from name
Heavyweight Farms,JOINT ACCESS - CANNABIS,JOINT ACCESS,Cannabis,Yes,,NOVEMBER,https://foxcannabiswa.com,136 Smokey Drive,Bellingham,98226,360.201.3159,Active,FALSE,FALSE,FALSE,
Bubble Boutique LLC,JOINT ACCESS - CANNABIS,JOINT ACCESS,Cannabis,Yes,,DECEMBER,https://www.herbshouse.org,716 NW 65th Street,Seattle,98117,206.557.7388,Active,FALSE,FALSE,FALSE,
112th Street Cannabis,JOINT ACCESS - CANNABIS,JOINT ACCESS,Cannabis,Yes,,DECEMBER,,5809 112th Street E,Puyallup,98373,253.446.7437,Active,FALSE,FALSE,FALSE,Removed invalid 'er' value from Website column (data entry error)
Edgemont Group LLC,JOINT ACCESS - CANNABIS,JOINT ACCESS,Cannabis,Yes,,JULY,https://leafwerx.com,"349 Urban Industrial Way, Unit E",Wenatchee,98802,509.888.0420,Active,FALSE,FALSE,FALSE,
Open Source Steel,JOINT ACCESS - CANNABIS,JOINT ACCESS,Cannabis,No,,APRIL,https://www.opensourcesteel.com,23414 68th Ave. S.,Kent,98032,206.388.2367,Active,FALSE,FALSE,FALSE,Stripped embedded note from name: 'Open Source Steel ** Renews April 2027 **' -> 'Open Source Steel'
Issquah Cannibus Company,JOINT ACCESS - CANNABIS,JOINT ACCESS,Cannabis,Yes,,MAY,,"230 NE Juniper Street, Suite 201",Issaquah,98027,425.295.9717,Active,FALSE,FALSE,FALSE,
Root Sciences,JOINT ACCESS - CANNABIS,JOINT ACCESS,Cannabis,Yes,,DECEMBER,https://www.rootsciences.com,PO Box 445,Belfair,98528,206.595.2529,Active,FALSE,FALSE,FALSE,
Skagit Organics,JOINT ACCESS - CANNABIS,JOINT ACCESS,Cannabis,Yes,,JANUARY,https://www.skagitorganics.net,"16915 State Route 20, Unit B",Mount Vernon,98273,360.627.1555,Active,FALSE,FALSE,FALSE,
LC Management LLC,JOINT ACCESS - CANNABIS,JOINT ACCESS,Cannabis,Yes,,JANUARY,,4803 Center St.,Tacoma,98409,702.875.6868,Active,FALSE,FALSE,FALSE,
Firetree,JOINT ACCESS - CANNABIS,JOINT ACCESS,Cannabis,Yes,,MARCH,https://torusculture.com,PO Box 61283,Seattle,98141,206.351.3719,Active,FALSE,FALSE,FALSE,
Light Brigade Solutions,JOINT ACCESS - CANNABIS,JOINT ACCESS,Cannabis,Yes,,SEPTEMBER,https://lightbrigade.solutions,3303 S 35th St. B13,Tacoma,98409,253.250.7456,Active,FALSE,FALSE,FALSE,
Camarda Corp,JOINT ACCESS - WINE ASSOCIATION,JOINT ACCESS,Wine Association,Yes,,OCTOBER,,12526 SW Bank Road,Vashon,98070,206.463.9227,Active,FALSE,FALSE,FALSE,Trimmed trailing punctuation/spaces from name
AniChi Cellars,JOINT ACCESS - WINE ASSOCIATION,JOINT ACCESS,Wine Association,Yes,,NOVEMBER,,71 Little Buck Creek Road,Underwood,98651,360.624.6531,Active,FALSE,FALSE,FALSE,
Arbor Crest Wineries and Nursery,JOINT ACCESS - WINE ASSOCIATION,JOINT ACCESS,Wine Association,Yes,,DECEMBER,https://www.arborcrest.com,4705 N Fruit Hill Road,Spokane,99217,509.927.9463,Active,FALSE,FALSE,FALSE,
November 2nd Inc,JOINT ACCESS - WINE ASSOCIATION,JOINT ACCESS,Wine Association,Yes,,MARCH,https://www.bottlethreesixty.com,"2401 4th Ave., Ste 850",Seattle,98121,206.356.7955,Active,FALSE,FALSE,FALSE,
West Seattle Winery LLC,JOINT ACCESS - WINE ASSOCIATION,JOINT ACCESS,Wine Association,Yes,,NOVEMBER,https://cairdeaswinery.com,31 Winesap Ave.,Kirkland,98831,206.947.1294,Active,FALSE,FALSE,FALSE,
Petroglyph Winery,JOINT ACCESS - WINE ASSOCIATION,JOINT ACCESS,Wine Association,Yes,,SEPTEMBER,,8866 Hwy 14 | PO Box 14,Wishrom,98673,509.767.1100,Active,FALSE,FALSE,FALSE,
Badass Farming LLC,JOINT ACCESS - WINE ASSOCIATION,JOINT ACCESS,Wine Association,Yes,,NOVEMBER,https://cayusevineyards.com/static,PO Box 1602,Walla Walla,99362,509.526.0686,Active,FALSE,FALSE,FALSE,
DeLille Cellars,JOINT ACCESS - WINE ASSOCIATION,JOINT ACCESS,Wine Association,Yes,,JANUARY,https://delillecellars.com,14300 NE 145th Street,Woodinville,98072,425.375.0135,Active,FALSE,FALSE,FALSE,
Trey Marie Vineyards,JOINT ACCESS - WINE ASSOCIATION,JOINT ACCESS,Wine Association,Yes,,DECEMBER,https://dunhamcellars.com,150 E Boeing Ave.,Walla Walla,99362,509.529.4685,Active,FALSE,FALSE,FALSE,
"Eleven Winery, Inc",JOINT ACCESS - WINE ASSOCIATION,JOINT ACCESS,Wine Association,Yes,,JANUARY,,7671 NE Day Road,Bainbridge Island,98110,206.780.0905,Active,FALSE,FALSE,FALSE,Trimmed trailing punctuation/spaces from name
Foundry Vineyards,JOINT ACCESS - WINE ASSOCIATION,JOINT ACCESS,Wine Association,Yes,,AUGUST,https://www.foundryvineyards.com,1111 Abadie Street,Walla Walla,99362,509.529.0736,Active,FALSE,FALSE,FALSE,
Sleeping Giant Winery,JOINT ACCESS - WINE ASSOCIATION,JOINT ACCESS,Wine Association,Yes,,AUGUST,https://www.gormanwinery.com,"19501 44th Ave. NE, C500",Woodinville,98072,206.605.2125,Active,FALSE,FALSE,FALSE,
Lowden Schoolhouse Corp,JOINT ACCESS - WINE ASSOCIATION,JOINT ACCESS,Wine Association,Yes,,DECEMBER,https://www.lecole.com,PO Box 111,Lowden,99360,509.525.0940,Active,FALSE,FALSE,FALSE,Trimmed trailing punctuation/spaces from name
V&C LLC,JOINT ACCESS - WINE ASSOCIATION,JOINT ACCESS,Wine Association,Yes,,DECEMBER,https://www.maryhillwinery.com,9774 Highway 14,Golenendale,98620,506.773.1976,Active,FALSE,FALSE,FALSE,
"McKinley Springs, LLC",JOINT ACCESS - WINE ASSOCIATION,JOINT ACCESS,Wine Association,Yes,,MARCH,https://www.mckinleysprings.com,1201 Alderdale Rd,Prosser,99350,509.830.1378,Active,FALSE,FALSE,FALSE,
Artifex Wine Company,JOINT ACCESS - WINE ASSOCIATION,JOINT ACCESS,Wine Association,Yes,,DECEMBER,https://www.artifexwineco.com,1102 Dell Ave.,Walla Walla,99362,509.525.2469,Active,FALSE,FALSE,FALSE,
Saviah Rose Winery,JOINT ACCESS - WINE ASSOCIATION,JOINT ACCESS,Wine Association,Yes,,OCTOBER,https://www.saviahcellars.com,1979 J B George Road,Walla Walla,99362,509.522.2181,Opted Out,FALSE,FALSE,FALSE,
Sleight of Hand Cellars,JOINT ACCESS - WINE ASSOCIATION,JOINT ACCESS,Wine Association,Yes,,SEPTEMBER,https://www.sofhcellars.com,1959 JB George RD,Walla Walla,99362,509.525.3661,Active,FALSE,FALSE,FALSE,
Structure Cellars Winery,JOINT ACCESS - WINE ASSOCIATION,JOINT ACCESS,Wine Association,Yes,,FEBRUARY,https://structurewines.com,888 Western Ave. #1312,Seattle,98041,206.841.0853,Active,FALSE,FALSE,FALSE,
Project Logan LLC,JOINT ACCESS - WINE ASSOCIATION,JOINT ACCESS,Wine Association,Yes,,JANUARY,https://thewallsvineyards.com,1015 W Pine Street,Walla Walla,99362,509.386.7660,Active,FALSE,FALSE,FALSE,
Woodinville Custom Wines,JOINT ACCESS - WINE ASSOCIATION,JOINT ACCESS,Wine Association,Yes,,MARCH,https://www.thewinemakersreserve.com,"15902 Woodinville-Redmond Rd. NE, Suite D6",Woodinville,98072,425.275.2738,Active,FALSE,FALSE,FALSE,
Thurston Wolfe Winery LLC,JOINT ACCESS - WINE ASSOCIATION,JOINT ACCESS,Wine Association,Yes,,DECEMBER,https://thurstonwolfe.com,588 Cabernet Court,Prosser,99350,509.832.0633,Active,FALSE,FALSE,FALSE,
Tirriddis LLC,JOINT ACCESS - WINE ASSOCIATION,JOINT ACCESS,Wine Association,Yes,,DECEMBER,https://nv-wines.com,822 Main Street,Prosser,98350,509.554.3440,Active,FALSE,FALSE,FALSE,
Triple Beam Imports,JOINT ACCESS - WINE ASSOCIATION,JOINT ACCESS,Wine Association,Yes,,JANUARY,https://www.waldenselections.com,4811 Airport Way S.,Seattle,98108,206.590.0650,Active,FALSE,FALSE,FALSE,
Winery Compliance Services LLC,JOINT ACCESS - WINE ASSOCIATION,JOINT ACCESS,Wine Association,Yes,,MARCH,https://www.wcsofww.com,"173 Middle Waitsburg Rd. Bldg. C, Ste. 120",Walla Walla,99362,509.876.2461,Active,FALSE,FALSE,FALSE,
Winemakers Depot,JOINT ACCESS - WINE ASSOCIATION,JOINT ACCESS,Wine Association,Yes,,AUGUST,https://winemakersdepot.com,10940 Littlerock Road SW,Olympia,98512,360.878.8983,Active,FALSE,FALSE,FALSE,
"20 Corners Brewing, LLC",JOINT ACCESS - BREWING,JOINT ACCESS,Brewing,Yes,,JANUARY,https://www.20cornersbrewing.com,14148 NE 190th Street SE,Woodinville,98072,425.305.6620,Active,FALSE,FALSE,FALSE,
Bainbridge Island Brewing,JOINT ACCESS - BREWING,JOINT ACCESS,Brewing,Yes,,NOVEMBER,https://bainbridgebeer.com,"9415 Coppertop Loop NE, Suite 104",Bainbridge Island,98110,206.451.4646,Active,FALSE,FALSE,FALSE,
Bellevue Brewing Company - Spring District LLC,JOINT ACCESS - BREWING,JOINT ACCESS,Brewing,Yes,,JANUARY,https://www.bellevuebrewing.com,12190 NE District Way,Bellevue,98005,425.497.8686,Active,FALSE,FALSE,FALSE,
Dru Bru,JOINT ACCESS - BREWING,JOINT ACCESS,Brewing,Yes,,AUGUST,https://www.drubru.com,"10 Pass Life Way, Ste. 3",Snoqualmie Pass,98068,425.753.3473,Active,FALSE,FALSE,FALSE,
Fair Isle Brewing,JOINT ACCESS - BREWING,JOINT ACCESS,Brewing,Yes,,MAY,https://fairislebrewing.com,936 NW 49th St.,Seattle,98107,206.428.3434,Active,FALSE,FALSE,FALSE,
Five Dollar Ranch Brewing Company,JOINT ACCESS - BREWING,JOINT ACCESS,Brewing,Yes,,,https://fivedollarranchbeer.com,3557 Peppers Bridge Road,Walla Walla,99362,206.856.5674,Active,FALSE,FALSE,FALSE,
Unified Brewing Co,JOINT ACCESS - BREWING,JOINT ACCESS,Brewing,Yes,,DECEMBER,https://www.futureprimitivebeer.com,4425 4th Ave. NE,Seattle,98105,206.419.9512,Active,FALSE,FALSE,FALSE,Trimmed trailing punctuation/spaces from name
Island Hopping Brewery,JOINT ACCESS - BREWING,JOINT ACCESS,Brewing,No,,AUGUST,https://www.islandhoppinbrewery.com,33 Hope Lane,Eastsound,98245,360.376.6079,Active,FALSE,FALSE,FALSE,Stripped embedded note from name: 'Island Hopping Brewery ** Renews in August' -> 'Island Hopping Brewery'
Loowit Brewing Company,JOINT ACCESS - BREWING,JOINT ACCESS,Brewing,Yes,,DECEMBER,https://loowitbrewing.com,507 Columbia Street,Vancouver,98660,360.566.2323,Active,FALSE,FALSE,FALSE,
Urban Family Brewing,JOINT ACCESS - BREWING,JOINT ACCESS,Brewing,Yes,,JANUARY,,507 Columbia Street,Vancouver,98660,360.566.2323,Active,FALSE,FALSE,FALSE,
North First Industries,JOINT ACCESS - BREWING,JOINT ACCESS,Brewing,Yes,,FEBRUARY,https://varietalbeer.com,416 E Edison Ave.,Sunnyside,98944,509.515.2222,Active,FALSE,FALSE,FALSE,
Washington Brewers Guild,JOINT ACCESS - BREWING,JOINT ACCESS,Brewing,Yes,,APRIL,https://www.washingtonbrewersguild.org,1801 Birchfield Rd,Yakima,98901,425. 501.1626,Active,FALSE,FALSE,FALSE,
"Aerontii, LLC",JOINT ACCESS - PNAA,JOINT ACCESS,PNAA,Yes,,FEBRUARY,https://aerontii.com,8810 NE 137th Place,,,425.273.1876,Active,FALSE,TRUE,FALSE,
VT Volant Aerospace,JOINT ACCESS - PNAA,JOINT ACCESS,PNAA,Yes,,NOVEMBER,,11817 Wester Lane,Burlington,98233,360.757.2376,Active,FALSE,FALSE,FALSE,
Sealth Aero Marine,JOINT ACCESS - PNAA,JOINT ACCESS,PNAA,Yes,,NOVEMBER,https://sealth.com,16001 Mill Creek Blvd.,Mill Creek,98012,425.481.0727,Active,FALSE,FALSE,FALSE,
Yakima Machine Group,JOINT ACCESS - NIMA,JOINT ACCESS,NIMA,Yes,,DECEMBER,https://www.yakimamachine.com,1120 1/2 North 34th Ave.,Yakima,98902,509.452.5628,Active,FALSE,FALSE,FALSE,
DC Energy Group,SUPPLY CHAIN,SUPPLY CHAIN,,Yes,,JANUARY,https://www.aimbridgeenergy.com,"22314 70th Ave. W., Unit 4",Mountlake Terrace,98043,425.588.0203,Active,FALSE,FALSE,FALSE,
"Aronson-Campbell Industrial Supply, Inc",SUPPLY CHAIN,SUPPLY CHAIN,,Yes,,SEPTEMBER,https://aronson-campbell.com,1700 136th Place NE,Bellevue,98005,425.372.2003,Active,FALSE,FALSE,FALSE,Trimmed trailing punctuation/spaces from name
AV Labs,SUPPLY CHAIN,SUPPLY CHAIN,,Yes,,JANUARY,https://avlabsinc.com,64 N Broadway Ave.,Othello,99344,509.488.2468,Active,FALSE,FALSE,FALSE,
Thomas L. Bonfiglio,SUPPLY CHAIN,SUPPLY CHAIN,,Yes,,NOVEMBER,https://balancingservice.com,8009 7th Ave. S. #110,Seattle,98108,206.763.1260,Active,FALSE,FALSE,FALSE,
"Confidence Analytics, Inc",SUPPLY CHAIN,SUPPLY CHAIN,,Yes,,NOVEMBER,,14797 NE 95th,Redmond,98052,206.743.8843,Active,FALSE,FALSE,FALSE,Trimmed trailing punctuation/spaces from name
Hammond Ashley Viollins,SUPPLY CHAIN,SUPPLY CHAIN,,No,,MAY,https://Hammondashley.com,970 5th Ave NW suite 100,Issaquah,98027,425.392.3963,Active,FALSE,FALSE,FALSE,
Ikonika Corporation,SUPPLY CHAIN,SUPPLY CHAIN,,No,,SEPTEMBER,https://ikonika.com,"5113 Pacific Hwy. E., Ste. 2",Fife,98424,425.654.9625,Active,FALSE,FALSE,FALSE,
Jon Henry Transport LLC,SUPPLY CHAIN,SUPPLY CHAIN,,No,,NOVEMBER,https://jonhenrytransport.com,34183 Hamilton Cemetery Road,Sedro Wooley,98284,360.661.5353,Active,FALSE,FALSE,FALSE,
Kam-Way Transportation Inc,SUPPLY CHAIN,SUPPLY CHAIN,,Yes,,NOVEMBER,https://kam-way.com,215 Marine Drive,Blaine,98230,360.332.1444,Active,FALSE,FALSE,FALSE,Trimmed trailing punctuation/spaces from name
Les Boulangers Associes,SUPPLY CHAIN,SUPPLY CHAIN,,Yes,,DECEMBER,https://lba-inc.com,18842 13th Place South,SeaTac,98148,206.241.9343,Active,FALSE,FALSE,FALSE,
The Lost Co,SUPPLY CHAIN,SUPPLY CHAIN,,Yes,,APRIL,https://thelostco.com,2106 Pacific St. Ste. 101,Bellingham,98229,231.631.1159,Active,FALSE,FALSE,FALSE,Trimmed trailing punctuation/spaces from name
"P. Winterholler Tire Center, Inc",SUPPLY CHAIN,SUPPLY CHAIN,,Yes,,DECEMBER,,403 West 1st Street,Wapato,98951,509.877.3722,Active,FALSE,FALSE,FALSE,Trimmed trailing punctuation/spaces from name
Salmon Bay Barge Line,SUPPLY CHAIN,SUPPLY CHAIN,,Yes,,NOVEMBER,https://sbaybarge.com,4749 W. Marginal Way SW,Seattle,98106,206.762.0730,Active,FALSE,FALSE,FALSE,
Foss Car Toys,SUPPLY CHAIN,SUPPLY CHAIN,,No,,APRIL,http://www.loveyourstereo.com,512 Strander Blvd,Tukwilla,98188,360.701.5920,Active,FALSE,FALSE,FALSE,
"US BioTek Laboratories, Inc",SUPPLY CHAIN,SUPPLY CHAIN,,Yes,,JANUARY,https://www.usbiotek.com,16020 Linden Ave. N.,Shoreline,98133,206.365.1256,Active,FALSE,FALSE,FALSE,Trimmed trailing punctuation/spaces from name
"Walter Implement, Inc",SUPPLY CHAIN,SUPPLY CHAIN,,Yes,,SEPTEMBER,https://www.walterimplement.com,1105 E Dobson Road,Odessa,99159,509.867.3727,Active,FALSE,FALSE,FALSE,Trimmed trailing punctuation/spaces from name
Andon Point,ASSOCIATES,ASSOCIATES,,No,,JULY,https://andonpoint.com,"5101 14th Ave. NW., Ste. 200 #508",Seattle,98107,206.790.5449,Active,FALSE,FALSE,FALSE,
AppsJack,ASSOCIATES,ASSOCIATES,,No,,FEBRUARY,https://appsjack.com,6206 West Shore Road,Anacortes,98221,206.819.9982,Active,FALSE,FALSE,FALSE,
Bank of America,ASSOCIATES,ASSOCIATES,,No,,MAY,https://www.bankofamerica.com,"1201 Pacific Ave., Suite 825",Tacoma,98402,206.348.2800,Active,FALSE,FALSE,FALSE,
CBIZ | Berntson Porter & Company,ASSOCIATES,ASSOCIATES,,No,,JULY,https://www.cbiz.com,"11100 NE 8th Street, Suite 400",Bellevue,98004,425.454.7990,Active,FALSE,FALSE,FALSE,
Capital Benefit Services,ASSOCIATES,ASSOCIATES,,No,,DECEMBER,https://www.capitalbenefitgroup.com,"6500, 15375 SE 30th Place, Suite 380",Bellevue,98007,425.641.8093,Active,FALSE,FALSE,FALSE,
Carney Badley Spellman,ASSOCIATES,ASSOCIATES,,No,,JUNE,https://www.carneybadleyspellman.com,701 5th Ave. Ste. 3600,Seattle,98104,206.607.4122,Active,FALSE,FALSE,FALSE,
Chase,ASSOCIATES,ASSOCIATES,,No,,JUNE,https://www.chase.com,"1301 2nd Ave., Floor 24",Seattle,98101,425.757.8833,Active,FALSE,FALSE,FALSE,
Clark Nuber,ASSOCIATES,ASSOCIATES,,No,,DECEMBER,https://clarknuber.com,10900 NE 4th Street,Bellevue,98004,425.635.4538,Active,FALSE,FALSE,FALSE,
Columbia Bank,ASSOCIATES,ASSOCIATES,,No,,DECEMBER,https://www.columbiabank.com,10900 NE 4th Street,Seattle,98004,425.505.5853,Active,FALSE,FALSE,FALSE,Cleaned mixed name+domain in Website to proper URL
Elevat Western Integrated Technologies,ASSOCIATES,ASSOCIATES,,No,,,https://www.elevat-iot.com,"801 3rd Ave., Ste. 350",Seattle,98104,206.418.9572,Active,FALSE,FALSE,FALSE,
EOS Implementer,ASSOCIATES,ASSOCIATES,,No,,MARCH,https://www.eosworldwide.com,5020 Alki Drive,Everett,98203,615.513.3892,Active,FALSE,FALSE,FALSE,
Fluxonix,ASSOCIATES,ASSOCIATES,,No,,MAY,https://fluxonix.io,2637 234th Ave NE,Sammamish,98074,(425) 559-0097,Active,FALSE,FALSE,FALSE,
Garrett Engineering,ASSOCIATES,ASSOCIATES,,No,,AUGUST,https://gescnc.com,5693 Isabelle Lane South East,Port Orchard,98367,630.363.1813,Bounced,FALSE,FALSE,FALSE,
HD Solutions,ASSOCIATES,ASSOCIATES,,No,,MARCH,https://www.hdsolutions.consulting,12550 120th Ave NE Unit 516,Kirkland,98034,909.855.8764,Active,FALSE,FALSE,FALSE,
Heritage Bank,ASSOCIATES,ASSOCIATES,,No,,NOVEMBER,https://www.heritagebanknw.com/home/home,10500 NE 8th Street,Bellevue,98004,425.467.2044,Active,FALSE,FALSE,FALSE,
Hub International,ASSOCIATES,ASSOCIATES,,No,,FEBRUARY,https://www.hubinternational.com,"12100 NE 195th, Ste. 200",Bothell,98011,425.698.3753,Active,FALSE,FALSE,FALSE,
"IBA, Inc",ASSOCIATES,ASSOCIATES,,No,,MARCH,https://ibainc.com,"40 Lake Bellevue Drive, Ste. 100",Bellevue,98005,(425) 454-3052,Active,FALSE,FALSE,FALSE,Trimmed trailing punctuation/spaces from name
Impact Washington,ASSOCIATES,ASSOCIATES,,No,,AUGUST,,"8227 44th Avenue West, Suite D",Mukilteo,98275,425.681.6798,Active,FALSE,FALSE,FALSE,
Intelassist,ASSOCIATES,ASSOCIATES,,No,,AUGUST,https://intelassist.com,26028 SE 29th Street,Sammamish,98075,425.577.8907,Active,FALSE,FALSE,FALSE,
BDPNetworks,ASSOCIATES,ASSOCIATES,,Yes,,DECEMBER,https://www.interplayit.com,"16300 Christensen Road, #304",Tukwila,98188,206.329.6600,Active,FALSE,FALSE,FALSE,
JD Merit,ASSOCIATES,ASSOCIATES,,No,,NOVEMBER,,3312 Rosedale St. NW,Gig Harbor,98335,253.327.1493,Active,FALSE,FALSE,FALSE,
Kocer Consulting and Engineering,ASSOCIATES,ASSOCIATES,,Yes,,MAY,https://kocerconsulting.com,"3147 Fairview Ave. E., Ste. 100",Seattle,98102,206.528.0111,Active,FALSE,FALSE,FALSE,
Kanoa,ASSOCIATES,ASSOCIATES,,Yes,,JANUARY,https://kanoa.ai,1933 Norma Road NE,Tacoma,98422,(602) 821-6605,Active,FALSE,FALSE,FALSE,
"LOOPR AI, Inc",ASSOCIATES,ASSOCIATES,,No,,MARCH,https://www.loopr.ai,"14205 SE 36th St., Suite 100",Bellevue,98006,984.232.9003,Active,FALSE,FALSE,FALSE,Trimmed trailing punctuation/spaces from name
"Microgroove, LLC",ASSOCIATES,ASSOCIATES,,Yes,,,https://www.microgroove.com,3020 Issaquah PIne Lake Rd. #511,Sammamish,98075,425.392.7432,Active,FALSE,FALSE,FALSE,
Microsoft,ASSOCIATES,ASSOCIATES,,No,Corporate Sponsor,OCTOBER,https://www.microsoft.com/en-us,,,,425.301.1750,Active,TRUE,TRUE,FALSE,
NPO Systems Ltd,ASSOCIATES,ASSOCIATES,,No,,,https://www.nextplus.io,8 Nechalat Itzhak St.,Tel Aviv,6744806,416.459.2033,Active,FALSE,FALSE,FALSE,Trimmed trailing punctuation/spaces from name
Omniscape AI Inc,ASSOCIATES,ASSOCIATES,,Yes,,NOVEMBER,https://omniscape.ai,"13555 SE 36th St., Ste. 100, Office 122",Bellevue,98006,913.638.2963,Active,FALSE,FALSE,FALSE,Trimmed trailing punctuation/spaces from name
Perkins Coie LLP,ASSOCIATES,ASSOCIATES,,No,,DECEMBER,https://perkinscoie.com,"1201 3rd Ave., Suite 4900",Seattle,98101,206.359.6822,Active,FALSE,FALSE,FALSE,
"Prime Parking Systems, LLC",ASSOCIATES,ASSOCIATES,,Yes,,,https://parkwithprime.com,3300 Maple Valley Highway,Renton,98058,206.858.8252,Active,FALSE,FALSE,FALSE,
Regence Blueshield,ASSOCIATES,ASSOCIATES,,No,,,https://www.regence.com/home,,,,,Active,TRUE,TRUE,TRUE,
Resultist,ASSOCIATES,ASSOCIATES,,No,,,https://www.resultist.com,10406 NE 151st Place,Bothell,98011,206.361.4562,Active,FALSE,FALSE,FALSE,
"Retrocausal, Inc",ASSOCIATES,ASSOCIATES,,No,,OCTOBER,https://retrocausal.ai,"17634 NE Union Hill Road, Suite 301",Redmond,98052,660.220.8352,Active,FALSE,FALSE,FALSE,Trimmed trailing punctuation/spaces from name
S5 Solutions,ASSOCIATES,ASSOCIATES,,No,,DECEMBER,https://www.s5solutions.com,1403 E Horizon Drive,Mukilteo,98275,425.232.6277,Active,FALSE,FALSE,FALSE,
"Service Hydraulics, Inc",ASSOCIATES,ASSOCIATES,,Yes,,,https://www.servicehydraulics.com,25 37th Street NE,Auburn,98002,253.351.6010,Active,FALSE,FALSE,FALSE,Trimmed trailing punctuation/spaces from name
Signify Technology Corp,ASSOCIATES,ASSOCIATES,,No,,JANUARY,https://www.getsignify.com,PO box 1347,Ferndale,98248,206.601.6956,Active,FALSE,FALSE,FALSE,Trimmed trailing punctuation/spaces from name
Sound Business Brokers,ASSOCIATES,ASSOCIATES,,No,,NOVEMBER,https://soundbusinessbrokers.com,3739 Griffin Lane SE,Olympia,98501,253.606.3788,Active,FALSE,FALSE,FALSE,
Strategic Financial Advisors LLC,ASSOCIATES,ASSOCIATES,,No,,SEPTEMBER,https://strategicfinancialadvisorsllc.com,1823 145th Place SE,Bellevue,98007,425.736.6297,Active,FALSE,FALSE,FALSE,
Tactile,ASSOCIATES,ASSOCIATES,,Yes,,NOVEMBER,https://tactileinc.com,"2013 4th Ave., Ste. 402",Seattle,98121,206.448.5550,Active,FALSE,FALSE,FALSE,
Technical & Assembly Services Corp,ASSOCIATES,ASSOCIATES,,Yes,,AUGUST,https://tasc-wa.com,2222 N Pacific Street,Seattle,98103,206.682.2967,Active,FALSE,FALSE,FALSE,Trimmed trailing punctuation/spaces from name
Throughput Group,ASSOCIATES,ASSOCIATES,,No,,AUGUST,https://throughputgroup.com,18548 43rd Ave. NE,Lake Forest Park,98155,734.945.5756,Active,FALSE,FALSE,FALSE,
Trafton Manufacturing Group,ASSOCIATES,ASSOCIATES,,No,,,https://traftonmg.io,2817 Wetmore Ave.,Everett,98201,360.468.0532,Active,FALSE,FALSE,FALSE,
Transition 360,ASSOCIATES,ASSOCIATES,,No,,NOVEMBER,https://www.transition360.com,"40 Lake Bellevue Drive, Suite100A",Bellevue,98005,206.321.2774,Active,FALSE,FALSE,FALSE,
Truss Faber PC,ASSOCIATES,ASSOCIATES,,No,,MARCH,https://www.trussfaber.com,"1126 34th Ave., Ste. 312",Seattle,98122,206.795.8000,Active,FALSE,FALSE,FALSE,
Washington Federal Bank,ASSOCIATES,ASSOCIATES,,No,,,https://www.wafdbank.com,425 Pike Street,Seattle,98101,206.264.6835,Active,FALSE,FALSE,FALSE,
"Worldscape Technology, Inc",ASSOCIATES,ASSOCIATES,,Yes,,,https://worldscape.com,"15809 Bear Creek Parkway, Suite 130",Redmond,98052,,Active,FALSE,FALSE,TRUE,Trimmed trailing punctuation/spaces from name
Xemelgo,ASSOCIATES,ASSOCIATES,,No,,,https://xemelgo.com,2809 232nd Street SE,Bothell,98021,617.455.8832,Active,FALSE,FALSE,FALSE,
Aerospace Vendors,AFFILIATES,AFFILIATES,,No,IN-KIND,,https://topdrawermedia.com,,,,,Active,TRUE,TRUE,TRUE,Moved 'IN-KIND' from Renewal column to new Sponsorship_Type column (applies to AFFILIATES)
AJAC - Advanced Manufacturing Apprenticeships,AFFILIATES,AFFILIATES,,No,,JULY,https://www.ajactraining.org,"6811 S. 204th St., Suite 380",Kent,98032,206.456.8861,Active,FALSE,FALSE,FALSE,
WTIA Workforce Institute,AFFILIATES,AFFILIATES,,Yes,,DECEMBER,https://apprenticareers.org,"1595 NW Gilman Blvd., Suite 6B",Issaquah,98027,206.707.7969,Active,FALSE,FALSE,FALSE,
Center of Excellence,AFFILIATES,AFFILIATES,,No,IN-KIND,,,,,,,Active,TRUE,TRUE,TRUE,Moved 'IN-KIND' from Renewal column to new Sponsorship_Type column (applies to AFFILIATES)
Clover Park Technical College,AFFILIATES,AFFILIATES,,No,,MARCH,https://www.cptc.edu,4500 Steilacoom Blvd. SW,Lakewood,98499,253.589.5516,Active,FALSE,FALSE,FALSE,
Edmonds Community College,AFFILIATES,AFFILIATES,,No,,AUGUST,,20000 68th Avenue W,Lynnwood,98087,425.640.1515,Active,FALSE,FALSE,FALSE,
FIRST Robotics,AFFILIATES,AFFILIATES,,No,IN-KIND,,https://firstwa.org,,,,,Active,TRUE,TRUE,TRUE,Moved 'IN-KIND' from Renewal column to new Sponsorship_Type column (applies to AFFILIATES)
JBLM (Joint Base Lewis McChord / M2M),AFFILIATES,AFFILIATES,,No,IN-KIND,,,,,,,Active,TRUE,TRUE,TRUE,Moved 'IN-KIND' from Renewal column to new Sponsorship_Type column (applies to AFFILIATES)
Machinists Instittue,AFFILIATES,AFFILIATES,,No,,SEPTEMBER,https://www.machinistsinstitute.org,9125 15th Place South,Seattle,98108,206.764.0326,Active,FALSE,FALSE,FALSE,
Navy Region Northwest,AFFILIATES,AFFILIATES,,No,IN-KIND,,,,,,,Active,TRUE,TRUE,TRUE,Moved 'IN-KIND' from Renewal column to new Sponsorship_Type column (applies to AFFILIATES)
Northwest Trade Adjustment Assistance Center (NW TAAC),AFFILIATES,AFFILIATES,,No,,FEBRUARY,https://nwtaac.org,1200 Westlake Avenue N,Seattle,98109,503.927.2400,Active,FALSE,FALSE,FALSE,
Pierce County Economic Development,AFFILIATES,AFFILIATES,,No,Corporate Sponsor,NOVEMBER,https://www.piercecountywa.gov,"1501 Market Street, Ste. 100",Tacoma,98402,253.798.6150,Active,FALSE,FALSE,FALSE,
PNAA,AFFILIATES,AFFILIATES,,No,,,https://www.pnaa.net,,,,425.885.0290 x107,Active,TRUE,TRUE,FALSE,
US Coast Guard,AFFILIATES,AFFILIATES,,No,IN-KIND,,,,,,,Active,TRUE,TRUE,TRUE,Moved 'IN-KIND' from Renewal column to new Sponsorship_Type column (applies to AFFILIATES)
Washington Business Alliance - Plan Washington,AFFILIATES,AFFILIATES,,No,,,https://wabusinessalliance.org,,,,2064415101,Active,TRUE,TRUE,FALSE,
Washington National Guard,AFFILIATES,AFFILIATES,,No,IN-KIND,,,,,,,Active,TRUE,TRUE,TRUE,Moved 'IN-KIND' from Renewal column to new Sponsorship_Type column (applies to AFFILIATES)
WiM (Women in Manufacturing),AFFILIATES,AFFILIATES,,No,IN-KIND,,,,,,,Active,TRUE,TRUE,TRUE,Moved 'IN-KIND' from Renewal column to new Sponsorship_Type column (applies to AFFILIATES)
Yakima County Development Association,AFFILIATES,AFFILIATES,,No,IN-KIND,,https://chooseyakimavalley.com,PO Box 1387,Yakima,9807,509.575.1140,Active,FALSE,FALSE,FALSE,Moved 'IN-KIND' from Renewal column to new Sponsorship_Type column (applies to AFFILIATES); Suspicious short/incomplete Zip code: '9807' (Yakima area should be 9890x range - manual verification recommended)
